Title,Date,CP
What Warren Buffett's losing battle against S&P 500 says about this market,2021-01-08,3824.68
The Top 10 Warren Buffett Stocks,2021-01-08,3824.68
Goldman Sachs warns of a dangerous bubble in these 39 stocks,2021-01-25,3855.36
Stock Market Crash Warning,2021-02-18,3913.97
Small-cap stocks jump ahead of larger peers as US limps toward economic recovery,2021-02-23,3881.37
Stock Market Crash: CIO Warns of 20% Drop in S&P As 10-Yr Yields Rise,2021-03-01,3901.82
The truth about Warren Buffett's investment track record,2021-03-01,3901.82
S&P 500 short interest retreats further as hedge funds remain wary,2021-03-02,3870.29
"S&P 500: Beware The 11 Most Overvalued Stocks, Analysts Warn",2021-03-29,3971.09
"Wall Street cruises toward Easter holiday, S&P 500 breaks 4K for the first time",2021-04-01,4019.87
Lessons from a bet with Warren Buffett – with Ted Seides,2021-04-13,4141.59
Here's how Warren Buffett's top investments fared during the pandemic,2021-04-28,4183.18
3 investing lessons Warren Buffett shared at the 2021 Berkshire Hathaway meeting,2021-05-03,4192.66
"Warren Buffett makes the case for doing what he says, not what he does",2021-05-03,4192.66
So your teen wants to be the next Warren Buffett? Fidelity has an account for that,2021-05-18,4127.83
A meme stock's downward spiral: GameStop's 14-year Fortune 500 run comes to an end,2021-06-07,4226.52
The man who lost a bet with Warren Buffett is ready for Round 2,2021-06-25,4280.7
Charlie Munger calls Robinhood 'a gambling parlor'—here's how Warren Buffett says to invest instead,2021-06-30,4297.5
Best ASX ETF? This fund would be Warren Buffett's top pick,2021-07-30,4395.26
Marc Andreessen Touts Warren Buffett's Investing Philosophy As Best Advice,2021-08-03,4423.15
Are Sturdy Shareholder Rewards Back In Earnest?,2021-08-06,4436.52
Afghanistan War Has Been Hugely Profitable,2021-08-16,4479.71
UK’s top stock beats 98% of the S&P 500 but investors are still wary,2021-09-14,4443.05
S&P 500 over-extension and capitulation,2021-09-21,4354.19
"US STOCKS-Wall St near even, dragged by Nike 6% drop after warning",2021-09-24,4455.48
"A crypto-trading hamster is outperforming Warren Buffett, Cathie Wood, and the S&P 500",2021-09-27,4443.11
"Cryptocurrency Trading Hamster Outperforms Warren Buffett, S&P 500",2021-09-27,4443.11
"Meet the day-trading hamster that is outperforming Warren Buffett, Cathie Wood, and the S&P 500",2021-09-27,4443.11
Former Tesla contractor awarded $137 million in racial harassment suit,2021-10-05,4345.72
"S&P 500 entry blighted by conflict of interest, research finds",2021-10-14,4438.26
Stocks Hit a Record as Investors See Progress Toward a Spending Deal (Published 2021),2021-10-21,4549.78
Nvidia Just Showed Warren Buffett How It's Done,2021-11-05,4697.53
I'm following Warren Buffett's advice for his wife's money via an S&P 500 ETF,2021-12-06,4591.67
Israeli smart energy tech firm SolarEdge to list on S&P 500 index,2021-12-06,4591.67
Software developer EPAM rises 17% as it joins S&P 500,2021-12-08,4701.21
The Company With The Youngest 20-Something CEO Tops Warren Buffett,2021-12-10,4712.02
From The Oilers To The Warriors: The Franchises That Scored Highest Jumps In Value Over The Past 20 Years,2021-12-30,4778.73
"2021 stock market recap: high risk, high reward - The Washington Post",2021-12-31,4766.18
"Flush with cash, big companies are ready to buy up rivals and reward investors",2022-01-19,4532.76
US shares rebound after Russia-Ukraine tensions hit markets,2022-01-24,4410.13
Warren Buffett Wins in 2022: ETF Lessons to Learn From,2022-02-02,4589.38
Warren Buffett Recommends a Portfolio: Here's How to Create it With Just 2 ETFs,2022-02-10,4504.08
Russia-Ukraine crisis: What happens to the stock market amid geopolitical shocks,2022-02-14,4401.67
"S&P 500 closes flat on Wednesday as investors assess the Fed's next move, Russia-Ukraine risk",2022-02-15,4471.07
LIVE MARKETS S&P 500 futures weigh Russia relief vs PPI pop,2022-02-15,4471.07
Ukraine fears drive sharp losses in US stocks,2022-02-17,4380.26
Market Rewarding Positive EPS Surprises Less Than Average for S&P 500 Companies for Q4,2022-02-18,4348.87
Stocks Hit Correction Territory as the West Announces Russia Sanctions,2022-02-22,4304.76
"U.S. market fallout from Russia-Ukraine strife may be brief, some strategists say",2022-02-22,4304.76
S&P 500 confirms correction; Ukraine-Russia crisis keeps investors on edge,2022-02-22,4304.76
S&P 500 confirms correction as stocks stumble on war fears,2022-02-22,4304.76
S&P 500 logs first correction in 2 years as Russia-Ukraine conflict escalates. Here's what history says happens next to U.S. stock-market benchmark,2022-02-22,4304.76
Can Quality ETFs be Good Bets as Russia-Ukraine Tensions Rise?,2022-02-23,4225.5
S&P/NZX50 Index slides 3.3 per cent into correction after Russia attacks Ukraine,2022-02-23,4225.5
The Russia-Ukraine Conflict Is Rattling the Stock Market. Here's What Investors Should Do Now,2022-02-23,4225.5
"S&P 500 closes 1.5% higher after sharp reversal, as traders shake off Russia's invasion of Ukraine",2022-02-23,4225.5
S&P 500 Falls Deeper Into Correction Territory As Ukraine Declares State Of Emergency,2022-02-23,4225.5
Global stocks plunge as Russia attacks Ukraine,2022-02-23,4225.5
"Stock market news live updates: S&P 500 sinks further into correction, setting new 2022 low with Russia-Ukraine in focus",2022-02-23,4225.5
Russia-Ukraine Crisis Troubles the Stock Market,2022-02-23,4225.5
How the Russia-Ukraine Crisis Is Shaking Markets and Portfolios,2022-02-23,4225.5
Lessons from the last war that rocked global markets,2022-02-24,4288.7
How The Stock Market Performs In Times Of War - SPDR S&P 500 (ARCA:SPY),2022-02-24,4288.7
Wall St rallies as West hits Russia with new sanctions,2022-02-24,4288.7
These 13 Stocks Implode As The World Prepares For War,2022-02-24,4288.7
S&P 500 Plunges to Nine-Month Low as Russia Invades Ukraine,2022-02-24,4288.7
S&P 500 Forward P/E Ratio Falls Below Five-Year Average for First Time Since Q2 2020,2022-02-25,4384.65
Live updates: US stocks rise as Russia opens possibility of diplomacy,2022-02-25,4384.65
Bitcoin Bucks S&P Correlation Trend With Uptick as Ukraine Crisis Escalates,2022-02-28,4373.94
Stock Bulls Buy the Dip as Goldman Warns of Liquidity Risk,2022-02-28,4373.94
These 15 Stocks And 10 Funds Are Overexposed To Russia And Ukraine,2022-03-01,4306.26
"Bitcoin, crypto soar, decouple from stocks as Russia-Ukraine moves from bad to worse",2022-03-01,4306.26
Why Markets Bounced Back So Quickly After the Russian Invasion of Ukraine,2022-03-01,4306.26
War and Stock Prices: The Pattern Is Surprising,2022-03-02,4386.54
History Shows Ukraine War Will Be a Stock Price Blip,2022-03-02,4386.54
UBS: How the S&P 500 will react to three Russia-Ukraine scenarios,2022-03-03,4363.49
S&P Dow Jones will remove all Russia stocks from its indices,2022-03-04,4328.87
"S&P Dow Jones is removing Russia stocks from indexes, stripping country of emerging market status",2022-03-04,4328.87
Dow drops 180 points after volatile session as traders try to assess impact of Russia-Ukraine war,2022-03-07,4201.09
S&P 500 falls on Thursday as stocks resume their downward move from Russia-Ukraine war,2022-03-09,4277.88
Ukraine and the financial markets: the winners and losers so far,2022-03-10,4259.52
"LIVE MARKETS Bulls beware, S&P 500 still expensive -BofA",2022-03-11,4204.31
"Stock market's Monday rally can't halt death cross forming in S&P 500 amid inflation fears, Russia-Ukraine clash",2022-03-14,4173.11
WallStreetBets vs. Barclays: Retail Traders Are Now Jumping on the “Unmoored” iPath Series B S&P 500 VIX Short-term Futures ETN (VXX) To Create an Explosive Upward Momentum,2022-03-15,4262.45
How Warren Buffett's disciples have evaded the 'stealth bear market',2022-03-16,4357.86
"Wall Street closes higher as worries ease around Fed, Russian default",2022-03-17,4411.67
"US banks with highest forward price-to-earnings ratios, March 2022",2022-03-17,4411.67
S&P 500 Leads Three-Day Charge While Market Awaits Biden-Xi Talk on Russia,2022-03-18,4463.12
Stifel Stock Chief Warns of 0% Returns Over the Next Decade,2022-03-24,4520.16
"Caution! This stock surge is a bear market trap, warns BofA",2022-03-30,4602.45
Elon Musk Vs. Warren Buffett: Who Is The Best Bet For Your Money?,2022-04-05,4525.12
Deutsche Bank warns of a 20% bear market in 2023,2022-04-06,4481.15
"'Big Short' Michael Burry Warns S&P 500 Is Overvalued, Poised to Slump",2022-04-12,4397.45
Beware the 'melt-up:' Analysts say stocks may soar just before they collapse,2022-04-22,4271.78
Warren Buffett's simple investing advice that's beaten most pros for 12 straight years: Morning Brief,2022-04-27,4183.96
Warren Buffett says 'monkeys' could do as good a job investing as Wall Street financial advisors,2022-05-02,4155.38
S&P 500 Forward P/E Ratio Dips Below 18.0 for the First Time Since Q2 2020,2022-05-09,3991.24
Albert Edwards: The Fed Put is 3000 on the S&P 500,2022-05-10,4001.05
SEC Issues Sample Comment Letter on Disclosure Obligations Related to Russia’s Actions in Ukraine; White & Case ...,2022-05-10,4001.05
"Stock Market Crash: the S&P 500 Will Fall 20%, Economist Warns",2022-05-10,4001.05
S&P 500 Forward P/E Ratio Falls Below 10-Year Average for the First Time Since Q2 2020,2022-05-16,4008.01
How does Warren Buffett beat the stock market?,2022-05-17,4088.85
"Warren Buffett, Jack Bogle and financial planners agree: When stocks are down, 'don't watch the market closely'",2022-05-17,4088.85
Elon Musk rips 'phony social justice warriors' as Tesla booted from S&P 500 ESG index,2022-05-18,3923.68
Coca-Cola vs. PepsiCo: Which Stock Looks More Promising Moving Forward?,2022-05-20,3901.36
Stocks edging towards another bear market | Business,2022-05-20,3901.36
"Stock market will tank in stagflation scenario, Bank of America warns",2022-05-20,3901.36
Defense Stocks Are Beating the S&P 500 This Year Amid Ukraine War,2022-05-27,4158.24
Jeremy Grantham warns the S&P 500 will 'likely' plunge another 40% minimum — here are 3 shockproof stocks in his ...,2022-05-31,4132.15
S&P 500 & Sectors: Beware The GAAP Gap In S&P 500 Earnings,2022-06-02,4176.82
Fossil-Fuel Shares Lead the Stock Market. How Awkward. (Published 2022),2022-06-03,4108.54
Target's Profit Warnings Weigh on the S&P 500's Worst Sector This Year,2022-06-07,4160.68
Canadian Investors: Recreate Warren Buffett's 90/10 Portfolio With These 2 BMO ETFs,2022-06-13,3749.63
This Is How Warren Buffett's Estate Will Invest 90% of His Non-Donated Portfolio,2022-07-01,3825.33
Argentina’s Merval Sees Sharpest Gain Since 2020; S&P 500 Extends Upward Streak,2022-07-07,3902.62
2 ETFs Warren Buffett Owns Through Berkshire Hathaway -- Should You Buy Them Too?,2022-07-11,3854.43
How to invest like Warren Buffett during a recession,2022-07-21,3998.95
Ben & Jerry's says Unilever froze directors' salaries over Israel,2022-08-03,4155.17
"Dow closes up 400 points, S&P 500 rises for fourth straight week as investors warm to cooler inflation",2022-08-12,4280.15
Warren Buffett Finally Throws In The Towel On 4 Lousy Stocks,2022-08-17,4274.04
"JPMorgan's Kolanovic Defends Dip-Buying Call, Warns of Fed Error",2022-08-18,4283.74
Warren Buffett Boldly Loads Up On 4 Of His Best Stocks,2022-08-23,4128.73
Dow Jones drop 3 percent after Fed Chair Powell warns interest rates to stay high,2022-08-26,4057.66
Ukraine's surprising comeback could be giving markets a boost,2022-09-09,4067.36
'A Dangerous Looking Moment in Global Economics' — Veteran Investor Jeremy Grantham Warns S&P 500 Could ...,2022-09-12,4110.41
What Warren Buffett Would Most Likely Recommend Investors Do Right Now,2022-09-13,3932.69
Warren Buffett's Advice Is OK but S&P 500 Is 'Worst Thing to Own' Near Term,2022-09-13,3932.69
S&P 500 Slid Toward Key 3900 Level But Held Its Ground Thanks to Options,2022-09-15,3901.35
Asset Bubbles & Forward Returns - RIA,2022-09-16,3873.33
S&P 500 could see another '10-15% correction downwards': Strategist,2022-09-16,3873.33
Warren Buffett recommends low-cost index funds for most folks — but BofA says the S&P 500 is the 'worst thing to hold ...,2022-09-20,3855.93
What does Warren Buffett think about investing in ETFs?,2022-09-21,3789.93
US bank CEOs say they could exit China if it ever attacks Taiwan,2022-09-23,3693.23
Here’s why Constellation Software is a Buy right now,2022-09-26,3655.04
'Biggest crash in world history': Robert Kiyosaki issues another dire warning and now avoids 'anything that can be ...,2022-09-27,3647.29
Billionaire Warren Buffett swears by this inexpensive investing strategy that anyone can try,2022-10-03,3678.43
10 High-Yield Stocks Only Warren Buffett Could Love,2022-10-05,3783.28
Cathie Wood Warns Against Extreme Fear Of Innovation Gripping The Market,2022-10-13,3669.91
S&P 500 (SPY) Dives Towards 3500 As Inflation Rate Exceeds Expectations,2022-10-13,3669.91
Wall Street's most vocal bull just got a lot more wary of the economy,2022-10-18,3719.98
The only 2 index funds in Warren Buffett's portfolio -- and how they could make you money,2022-11-07,3806.8
This Investing Advice From Warren Buffett Could Make You a Stock Market Millionaire,2022-11-09,3748.57
Contradicting Warren Buffett,2022-11-10,3956.37
Warren Buffett Gets The Last Laugh During The Bear Market,2022-11-14,3957.25
Warren Buffett Makes All His Money From Just 11 Stocks,2022-11-18,3965.34
Berkshire Hathaway: Warren Buffett further unwinds BYD investment in China,2022-11-23,4027.26
S&P 500 Index Exposed Downwards - Markets,2022-11-29,3957.63
These Are Warren Buffett's 11 Biggest Stock Mistakes This Year,2022-11-29,3957.63
"Stock market could plunge another 24% next year, Bank of America warns",2022-11-29,3957.63
"Beware, S&P 500 investors: This does not look so good!",2022-12-06,3941.26
The 3 Most Popular Robinhood ETFs -- and Why Warren Buffett Loves 2 of Them,2022-12-06,3941.26
"If Warren Buffett Could Tell You 1 Investment to Make, This Would Probably Be It",2022-12-14,3995.32
"Why the stock market has fallen in December, and what it means going forward",2022-12-15,3895.75
Take Warren Buffett's Advice: 2 Reasons Right Now Is the Best Time to Invest in the Stock Market,2022-12-20,3821.62
"Here are the 3 big bets Warren Buffett is taking into 2023 — if you're worried about the new year, it might be time to ...",2022-12-21,3878.44
S&P 500 Facing a Historical Warning Sign After This Year's Slump,2022-12-21,3878.44
Morgan Stanley’s Mike Wilson warns U.S. stocks could slump another 22% if recession arrives in 2023,2023-01-09,3892.09
"S&P 500: US Stocks Risk 22% Slump, Morgan Stanley's Michael Wilson Warns",2023-01-09,3892.09
1 Warren Buffett ETF That Could Help You Retire a Millionaire,2023-01-11,3969.61
Wall Street's top strategist warns investors to brace themselves for stocks to plummet more than 20%,2023-01-11,3969.61
Why Warner Bros Discovery Is the S&P's Hottest Stock,2023-01-17,3990.97
Here's The Real Reason Warren Buffett Loves Occidental Stock,2023-01-17,3990.97
"Stock-market rally looks ‘unsustainable’ as S&P 500 enters ‘new, lower valuation regime,’ warns Citi",2023-01-17,3990.97
2 Warren Buffett ETFs to Stock Up On in 2023,2023-01-19,3898.85
Warren Buffett: Don't Invest in S&P 500 Index Fund 2023 (WHY?),2023-01-19,3898.85
David Einhorn Warns: Value Investing May Never Recover,2023-01-20,3972.61
Warren Buffett Just Beat the S&P 500 by the Widest Margin Since 2007. Can He Do It Again in 2023?,2023-01-23,4019.81
Morgan Stanley Warns 'Imminent' Earnings Recession Will Tank Stocks—But Here's When The Bear Market Could End,2023-01-23,4019.81
1 Warren Buffett ETF That Could Turn $300 Per Month Into $1 Million,2023-01-24,4016.95
Investor Jeremy Grantham Warns of 17% S&P 500 Plunge in 2023 (SPX),2023-01-24,4016.95
Wall Street heavyweights warn of pain ahead despite market's recent reprieve,2023-01-25,4016.22
JPMorgan's top strategist warns stocks have a 10%-plus drop ahead: 'Things have to get worse before they can get better',2023-01-25,4016.22
Legendary investor Jeremy Grantham warns stocks could drop another 50% this year—but he doesn't say to stay away ...,2023-01-30,4017.77
"Warren Buffett's Top Investing Advice Is Overcrowded, so Buy Small-Cap Value",2023-01-30,4017.77
Adani slams US short seller ‘attack on India’ as stock rout hits $70 billion,2023-01-30,4017.77
Warren Buffett's Wealth Drops Despite Stock Market Rally This Year,2023-01-31,4076.6
"'Big Short' Michael Burry Issues Grave Warning to Investors: ""Sell.""",2023-02-01,4119.21
The S&P 500 Chart Just Flashed a Major Warning to Investors,2023-02-06,4111.08
"""Pessimistic Israeli investors are ignoring the numbers""",2023-02-08,4117.86
Warren Buffett's Berkshire Hathaway Will Outperform in 2023: UBS,2023-02-09,4081.5
"Stock Market Prediction War: Burry, Siegel, Grantham Forecast Prices",2023-02-15,4147.6
One of the World's Richest Investors Just Sent an Ominous Warning to Wall Street,2023-02-16,4090.41
Warren Buffett Just Sent a Subtle but Terrifying Signal to Investors,2023-02-17,4079.09
Warren Buffett Refuses To Part With 21 Beloved Stocks,2023-02-17,4079.09
"Fed tightening 'always breaks something': S&P 500 will drop to 3,800 by March, warn Bank of America strategists",2023-02-17,4079.09
"US stocks are in 'death zone' and could sink 26%, Morgan Stanley warns",2023-02-21,3997.34
"Stock market news today: Stocks slide after economic warnings from Walmart, Home Depot",2023-02-21,3997.34
Warren Buffett Swears by This 1 Index Fund (and It Could Help Make You a Millionaire),2023-02-23,4012.32
EXCLUSIVE: Satori Fund founder Dan Niles warns S&P 500 could test 3000 by mid-year By Investing.com,2023-02-27,3982.24
"Warner Bros Stock Beats Tesla, S&P 500 Peers, on Hit Game 'Hogwarts Legacy'",2023-02-27,3982.24
SPY: Investors: Beware the Ides of March!,2023-03-01,3951.39
Numbers dive: Warren Buffett's performance is even more amazing than you think.,2023-03-03,4045.64
"America’s credit rating could get downgraded even if a default is avoided, Fitch Ratings warns",2023-03-06,4048.42
Warren Buffett's Ultra-High-Yield Dividend Stock That Has Trounced the S&P 500,2023-03-13,3855.76
Bank Stock Crash Intensifies: Losses Top $185 Billion As Analyst Warns SVB Failure Risks Intense Regulator Scrutiny,2023-03-13,3855.76
You Won't Believe How Much More Warren Buffett Has Made Than the Market Since 1965,2023-03-14,3919.29
SVB and Signature Bank 'the next Russia' as index providers eject collapsed firms,2023-03-15,3891.93
Could S&P 500 move towards the 4057 level?,2023-03-15,3891.93
Dow Drops Nearly 300 Points As BlackRock Chief Warns SVB Collapse Merely 'First Domino To Drop',2023-03-15,3891.93
Is the S&P 500 Bear Market a Recession Warning? Here's What History Says.,2023-03-16,3960.28
Why I'm avoiding term deposits right now and listening to Warren Buffett instead,2023-03-20,3951.57
Analysts Warn Investors To Dump 10 Big Stocks Before It's Too Late,2023-03-20,3951.57
Wall St ends sharply lower as Powell warns inflation fight continues,2023-03-22,3936.97
Help safeguard your retirement with this key Warren Buffett investment strategy,2023-03-24,3970.99
Energy Companies Are Rewarding Shareholders With Share Buybacks,2023-04-03,4124.51
"Sentiment Toward Stocks Hasn't Been This Bad in Years, Bank of America Says",2023-04-03,4124.51
JPMorgan’s Kolanovic Warns Stocks in ‘Calm Before the Storm’,2023-04-03,4124.51
JPMorgan’s Jamie Dimon warns banking crisis will be felt for ‘years to come’,2023-04-04,4100.6
Wells Fargo's Harvey Warns S&P 500 Is Set for a 10% Correction,2023-04-11,4108.94
Warren Buffett gives reason for surprise sale of stake in Taiwan’s TSMC,2023-04-12,4091.95
This investor can spot market bubbles. Now he’s warning of an ‘ominous’ bust,2023-04-13,4146.22
Wall Street's top strategist warns U.S. stocks are set to drop by more than 20%,2023-04-14,4137.64
1 Warren Buffett Index Fund Could Turn $100 Per Week into $1 Million,2023-04-17,4151.32
The Rebirth of Software as a Service,2023-04-18,4154.87
Warren Buffett's Berkshire Will Beat the S&P 500 in Next 5 Years: Survey,2023-05-01,4167.87
"Warren Buffett Can Beat S&P 500, Help Fight Off Recession Fears, Investors Say",2023-05-01,4167.87
‘ChatGPT is the new crypto’: Meta warns hackers are exploiting interest in the AI chatbot,2023-05-03,4090.75
'S&P 500 to hit 3500': J.P. Morgan warns of 15% drop by summer — here are 2 stocks to help protect you from the pain,2023-05-03,4090.75
Warren Buffett's Berkshire Hathaway has been a fortress stock during recessions and bear markets. Here's how,2023-05-05,4136.25
"Warren Buffet ‘worried’ about AI, compares it to atom bomb: Here's what he said | Mint",2023-05-08,4138.12
16 Stocks Run Circles Around Warren Buffett Over The Long Haul,2023-05-09,4119.17
Warren Buffett Just Sent a $25 Billion Silent Warning to Wall Street,2023-05-10,4137.64
1 Warren Buffett-Approved ETF to Get You Through Any Recession,2023-05-10,4137.64
Warren Buffett Warns of Trouble for the U.S. Economy -- Here's His Investing Advice,2023-05-12,4124.08
"Japanese Stocks Rallied Five Weeks In A Row After Warren Buffett's Bet, Outperforming A Nearly Flat S&P 500",2023-05-15,4136.28
Japan stock index hits 33-year high as investors warm to Tokyo story,2023-05-16,4109.9
'It's As If The Whole Country Takes A Pay Cut:' Top Economist Warns Of A Recession And Another 23% Drop In Stocks ...,2023-05-18,4198.05
"AI Will Send Profits Skyward Over the Next 10 Years, Goldman Says | Chief Investment Officer",2023-05-19,4191.98
"S&P 500 Could Plunge 20% if US Fails to Raise Debt Ceiling, UBS Warns",2023-05-19,4191.98
"S&P 500's recent move higher is a trap for investors, warns Morgan Stanley",2023-05-22,4192.63
Ulta Beauty Shares Sink as the Beauty Products Retailer Warns of Slowing Growth,2023-05-26,4205.45
Nvidia Dusts Warren Buffett In Race To $1 Trillion,2023-05-26,4205.45
"For the First Time in 23 Years, the S&P 500 Is Displaying an Ominous Warning to Wall Street",2023-05-30,4205.52
Stocks close higher as S&P edges toward bull market: Stock market news today,2023-06-06,4283.85
Be wary of the new bull market of SP 500,2023-06-12,4338.93
Investors swayed by the apparent bull market should beware another false dawn,2023-06-15,4425.84
Wall Street: Warren Pie says US sharemarket is 'priced to perfection',2023-06-16,4409.59
Dow Tanks 250 Points—And Some Experts Warn More Pain May Be On Deck,2023-06-20,4388.71
Are investors ignoring the Federal Reserve’s warning?,2023-06-26,4328.82
"Wall Street slips as investors eye Russia, Fed hikes, quarter-end",2023-06-26,4328.82
S&P 500 closes near flat as Powell warns that more restrictive policy could be on the way: Live updates,2023-06-28,4376.86
"NASDAQ 100, Dow Jones, S&P 500: Prices Slide as Trade Tensions Mount; Nvidia Declines",2023-06-28,4376.86
"Dow closes 200 points higher as major banks pop on stress test results, GDP revised upward: Live updates",2023-06-29,4396.44
"Energy stocks jump, S&P 500 struggles for direction heading towards closing bell",2023-07-07,4398.95
Stocks on S&P 500 Face Further Losses as Profit Warnings Loom,2023-07-10,4409.53
"S&P 500 at risk of tumbling to 4,100, Mizuho warns market bulls",2023-07-11,4439.26
"S&P 500 is most likely going to correct back to 4,100, Mizuho warns market bulls",2023-07-11,4439.26
Analyst That Correctly Called the S&P 500's Rally Has a Warning About What's Next For Stocks,2023-07-19,4565.72
"AI, ChatGPT and Inflation Push US Stocks Toward All-Time Highs",2023-07-24,4554.64
Mark Zuckerberg Snatches Prized Bragging Right From Warren Buffett,2023-07-28,4582.23
Janet Yellen: Credit downgrade 'puzzling' and 'unwarranted',2023-08-02,4513.39
"NASDAQ 100, Dow Jones, S&P 500: Investors Eye Inflation Data as Dow Leaps Forward on Strong Earnings",2023-08-07,4518.44
S&P 500 is beating Q2 earnings estimates—but beware,2023-08-07,4518.44
Stocks tumble as Moody’s warns it could cut credit ratings of 6 big US banks,2023-08-08,4499.38
"Warm Start to the Week, but Lead-Up to China’s Trade Data Brings Some Caution: S&P 500, China A50, Natural Gas",2023-08-08,4499.38
Warren Buffett's favorite indicator signals stocks are 'significantly overvalued',2023-08-09,4467.71
Stock awards push Alphabet's Pichai to highest-paid S&P 500 CEO in 2022,2023-08-10,4468.83
"NASDAQ 100, Dow Jones, S&P 500: Wall Street Wavers as Mild Inflation Meets Tech Tensions",2023-08-11,4464.05
The S&P 500 is flashing a warning that U.S. stocks are likely headed lower after breaking below its 50-day moving average,2023-08-15,4437.86
What are ‘Big Short’ Michael Burry and Warren Buffett seeing that we aren’t?,2023-08-16,4404.33
Warren Buffett recommends index funds for investors — but hardly invests in any himself. How come? Here's why they ...,2023-08-17,4370.36
Warren Buffett's Second-Largest Bet After Apple Is Paying Off,2023-08-17,4370.36
Warren Buffett once said this was ‘probably the best single measure of where valuations stand.’ Should you use it when you invest?,2023-08-21,4399.77
"Nasdaq rallies with Nvidia, tech shares; investors look toward Jackson Hole",2023-08-21,4399.77
3 ETFs to Invest Like Warren Buffett,2023-08-22,4387.55
The No. 1 Holding in Warren Buffett's Secret Portfolio Is the Investment Buffett Believes Most People Should Make,2023-08-23,4436.01
"The S&P 500 is poised to fall - and a government error could crush the US economy, one veteran trader warns",2023-08-24,4376.31
Warren Buffett Bets His Fortune On One Of 9 'Can't Lose' Stocks,2023-08-28,4433.31
Investor Warning: September Is The S&P 500's Worst Performing Month,2023-08-28,4433.31
US healthcare stocks roiled by investor tug of war over economy,2023-09-05,4496.83
"NASDAQ 100, Dow Jones, S&P 500 News: Bracing for Rate Hikes as US-China Tensions Rattle Tech Stocks",2023-09-08,4457.49
Warren Buffett’s Berkshire Hathaway can lose 99.4% and still have outperformed the S&P 500,2023-09-08,4457.49
"Wall Street’s most bullish strategist warns of choppiness in stocks, still sees the S&P 500 touching a record high this year",2023-09-11,4487.46
BofA Survey Shows 'Dramatic Shift' Toward High-Flying US Stocks,2023-09-12,4461.9
Here's How Warren Buffett's Favorite Index Fund Could Help Make You a Millionaire,2023-09-12,4461.9
"One Year After Trudeau's Bitcoin Warning, BTC Still Beat Inflation and S&P 500",2023-09-12,4461.9
S&P 500 Sell Signal Warning? Cap Weight vs Equal Weight Divergence!,2023-09-14,4505.1
S&P 500 Economic Earnings: Downward Trend Continues In 2Q23,2023-09-14,4505.1
Warren Buffett's S&P 500 Housing Market Play Just Surprised Wall Street,2023-09-15,4450.32
"1 Surefire Warren Buffett Index Fund Could Turn $400 Per Month Into $825,000",2023-09-15,4450.32
"Wall Street closes lower after Fed holds rates steady, warns of higher for longer",2023-09-20,4402.2
Wall St Week Ahead Fed-wary investors eye mounting risks to US stock rally,2023-09-22,4320.06
Traders wary of volatility as JP Morgan fund's big options trade looms,2023-09-28,4299.7
Warning signs suggest this year’s stock market rally is on shaky legs,2023-09-29,4288.05
"Higher Rates Starting to Hit US Profits, Goldman Strategists Warn",2023-10-02,4288.39
Fed's War on Inflation Is Hitting S&P 500 Profits: Goldman Sachs,2023-10-02,4288.39
Award-winning technical strategist Tom DeMark says S&P 500 will see countertrend rally,2023-10-03,4229.45
"JPMorgan's Marko Kolanovic braces for 20% market plunge, delivers recession warning",2023-10-05,4258.19
S&P 500 Gains and Losses Today: Clorox Shares Dip After Warning of Cyberattack's Impact,2023-10-05,4258.19
Wall Street advances as investors monitor Mideast conflict headlines,2023-10-09,4335.66
S&P 500 cuts losses despite rising geopolitical tensions amid Israel-Hamas war By Investing.com,2023-10-09,4335.66
"Dow Jones Futures Fall, Oil Prices Spike After Hamas Attack",2023-10-09,4335.66
"Sell 11 Big Stocks Now — Or Pay The Price, Analysts Warn",2023-10-09,4335.66
"Dow closes nearly 200 points higher, as investors shake off rising oil prices from Israel-Hamas war: Live updates",2023-10-09,4335.66
Stocks shake off Israel-Gaza war fears to end higher after remarks by Fed officials,2023-10-09,4335.66
Wall Street declines on Middle East conflict,2023-10-09,4335.66
S&P 500 Faces Threat of Profit Warnings as Concerns About US Consumer Mount,2023-10-09,4335.66
US stocks tumble against backdrop of Israel-Hamas war,2023-10-09,4335.66
"NASDAQ Index, Dow Jones, S&P 500 News: Geopolitical Tensions Tank Markets, Defense Stocks Soar",2023-10-09,4335.66
"Dow Jones, Nasdaq, S&P 500 weekly preview: Focus on Middle East, CPI and Q3 earnings",2023-10-09,4335.66
"US STOCKS-S&P 500, Nasdaq fall on Middle East conflict",2023-10-09,4335.66
"NASDAQ Index, S&P 500, Dow Jones Forecasts: US Indices Surge Almost 1% Despite Geopolitical Strains",2023-10-09,4335.66
"Nasdaq 100, Dow Jones, S&P 500 News: Firm as Fed’s Dovish Tone Eclipses Geopolitical Heat",2023-10-10,4358.24
Israel-Hamas War: US defense stocks rocket while Israel-based stocks tank globally | Mint,2023-10-10,4358.24
"1 Time-Tested Warren Buffett Index Fund Could Turn $300 Per Month Into $618,900",2023-10-12,4349.61
Warren Buffett Relies On 8 Stocks Now That Apple Is Crumbling,2023-10-13,4327.78
S&P 500 Gains and Losses Today: Index Declines Amid Concerns About Middle East Conflict,2023-10-13,4327.78
"NASDAQ Index, S&P 500, Dow Jones Forecasts: Geopolitical Strains Shake Top Indices",2023-10-13,4327.78
Wall Street ends up on earnings optimism; eyes remain on Middle East,2023-10-16,4373.63
"Dow industrials jump 314 points as investors await earnings, shake off war",2023-10-16,4373.63
"Dow Rises 300 Points—But Big Losses Will Dash Earnings Season Cheer, Morgan Stanley Warns",2023-10-16,4373.63
"Nasdaq 100, Dow Jones, S&P 500 News: Cautiously Bullish Amid Earnings, Geopolitical Risks",2023-10-16,4373.63
"Nasdaq 100, Dow Jones, S&P 500 News: Johnson & Johnson Earnings Awaited Amid Rising Geopolitical Risks",2023-10-17,4373.2
Goldman warns any S&P 500 rally could be short-lived amid geopolitical risks By Investing.com,2023-10-18,4314.6
History Says the S&P 500 Is Soaring Toward a Record High: 2 Magnificent Growth Stocks Near a 52-Week Low to Buy ...,2023-10-19,4278.0
Markets Slump at Midday Amid Rising Worries About Fighting in the Middle East,2023-10-20,4224.16
VIX Backwardation Flashes Warning to Stock Market,2023-10-20,4224.16
5 Out of 6 Warren Buffett Bank Stocks Are Underperforming the S&P 500 in 2023 -- Which Are the Best Buys Now?,2023-10-20,4224.16
"Markets News, Oct. 20, 2023: S&P 500, Nasdaq Fall to 4-Month Lows on Middle East Fears",2023-10-20,4224.16
"Nasdaq Index, Dow Jones, S&P 500 News: Wall Street Cautious Amid Surging Yields, Middle East Tensions",2023-10-20,4224.16
S&P 500 Extends Slide on Heightened Volatility as Iraqi Air Base is Attacked,2023-10-20,4224.16
"S&P 500 (SPX), Dow Jones (DJI), Nasdaq Composite (IXIC) Daily Technical Outlook: Yield Surges & Global Tensions Rattle Markets Today",2023-10-20,4224.16
S&P 500 Gains and Losses Today: Solar Power Stocks Sink After SolarEdge Warning,2023-10-20,4224.16
S&P 500 Gains and Losses Today: Toymaker Stocks Sink After Holiday Sales Warnings,2023-10-26,4137.23
"Stock Markets Today: S&P 500, Amazon, Intel, Syria, Israel, GDP, Taylor Swift",2023-10-27,4117.37
S&P 500 Gains and Losses Today: Solar Stocks Plunge After Warning From Enphase,2023-10-27,4117.37
Morgan Stanley's top strategist Mike Wilson warns investors not to get their hopes up for a Santa Claus rally,2023-10-30,4166.82
Wall Street Cuts S&P 500 Expectations as Geopolitical Risk Rises,2023-10-30,4166.82
'Biden has made it worse': This hedge fund billionaire just issued a serious warning about the economy — says the ...,2023-11-02,4317.78
"The AI craze is overblown - and the S&P 500 will suffer if the 'Magnificent 7' stocks falter, veteran investor warns",2023-11-03,4358.34
SPDR S&P 500 ETF's rare rally streak of gaps warns of near-term weakness,2023-11-06,4365.98
Stock-market timers beware: Just 8 days account for all of the S&P 500’s 14% gain in 2023,2023-11-08,4382.78
"News updates from November 9: S&P 500 snaps win streak, Ransomware attack disrupts Chinese lender ICBC",2023-11-09,4347.35
"The S&P 500 Just Had Its Best Week of the Year, and Wall Street Says the Stock Market Is Soaring Toward a Record High",2023-11-10,4415.24
S&P 500 close to exiting correction territory as JPMorgan warns risk-reward in stocks appears ‘unattractive’,2023-11-15,4502.88
S&P 500 forecast: Forward testing the S&P 500 around Thanksgiving,2023-11-16,4508.24
Warren Buffett Totally Unloads 7 Of His Stocks (Including GM),2023-11-17,4514.02
"S&P 500 Is Set to Rise Towards Record High in 2024, SocGen Predicts",2023-11-20,4547.38
"'Don't invest in the US': Jeremy Grantham issues warning over American stocks, saying S&P 500 could crash by over ...",2023-11-22,4556.62
U.S.-China Chip War Nears Moment Of Truth,2023-11-24,4559.34
Is Equity Risk Worth the Reward in a World of Higher Bond Yields?,2023-11-27,4550.43
S&P 500 Futures Pull Back Slightly on Warmer U.S. Jobs Data,2023-12-08,4604.37
The 60/40 portfolio should offer a better risk-reward in 2024,2023-12-08,4604.37
"Markets News, Dec. 18, 2023: Stocks Gain; Oil Rises as Conflict Disrupts Red Sea Shipping",2023-12-18,4740.56
This US economist just warned that 2024 will bring the 'biggest crash of our lifetime' — predicts a shocking 86 ...,2023-12-20,4698.35
Warren Buffett Really Likes 1 ETF. Here's an ETF That's Just as Good and Could Help You Retire as a Millionaire.,2023-12-22,4754.63
S&P 500 Gains and Losses Today: Nike Warns of Soft Sales and Plans Spending Cuts,2023-12-22,4754.63
S&P 500 Storms Toward Best Quarter Since 2020 As 'Santa Claus Rally' Takes Hold,2023-12-22,4754.63
S&P 500 Gains and Losses Today: Intel's $3.2 Billion Incentives Deal from Israel,2023-12-26,4774.75
Stock market news today: Stocks drift higher as S&P inches toward record,2023-12-27,4781.58
"Markets News, Dec. 28, 2023: S&P 500 Edges Toward All-Time High, Dow Hits Another Record as Year-End Rally ...",2023-12-28,4783.35
Wall Street bull warns of pause in rally but sees S&P 500 grinding higher in 2024,2024-01-02,4742.83
Stock market today: S&P 500 edges back toward record as stocks close winning week,2024-01-12,4783.83
"With the S&P 500 at a record high, strategists warn against a valuation 'trap'",2024-01-29,4927.93
"News updates from January 31: Federal Reserve holds interest rates, EU commits €21bn in Ukraine military aid",2024-01-31,4845.65
"S&P 500 Set to Hit 5000 Milestone, but History Warns of a Looming Correction",2024-02-06,4954.23
S&P 500 Forward P/E Ratio Rises Above 20.0 For First Time in 2 Years,2024-02-12,5021.84
Even Warren Buffett is no match for the S&P 500,2024-02-15,5029.73
'END OF THE AMERICAN EMPIRE?': Robert Kiyosaki warns the S&P 500 is 'about to crash by 70%' — compares the ...,2024-02-15,5029.73
"News updates from February 16: Russian opposition leader Alexei Navalny dies, Trump ordered to pay more than ...",2024-02-16,5005.57
Warren Buffett's Berkshire Hathaway underperforms S&P 500,2024-02-16,5005.57
S&P 500 Weekly Price Forecast – S&P 500 Continues to See Upward Pressure,2024-02-23,5088.8
Berkshire Hathaway Stock Rises To Record High—Here's How Warren Buffett's Returns Compare To S&P 500,2024-02-26,5069.53
S&P 500 Gains and Losses Today: Index Slips After Downward Revision to GDP Growth,2024-02-28,5069.76
"Nasdaq 100, Dow Jones, S&P 500 News: Upward Momentum Stalls Ahead of Mid-Session",2024-02-29,5096.27
"Nasdaq 100, Dow Jones, S&P 500 News: Tech Rally, Energy Rise Push Markets Upward",2024-03-01,5137.08
"Super Micro, Deckers stocks surge toward records on S&P 500 entrance",2024-03-01,5137.08
